Age,Gender,Smoking,Focality,Risk,T,N,M,Stage,Response,Recurred
0.253731343283582,0.0,0.0,1.0,1.0,0.5,0.0,0.0,0.0,0.3333333333333333,0.0
0.2238805970149253,0.0,0.0,1.0,1.0,0.5,0.0,0.0,0.0,0.3333333333333333,0.0
0.2238805970149253,0.0,0.0,0.0,0.5,0.5,1.0,0.0,0.0,1.0,1.0
0.5373134328358209,0.0,0.0,1.0,0.5,0.5,0.0,0.0,0.0,1.0,1.0
0.417910447761194,0.0,0.0,1.0,1.0,0.1666666666666666,0.0,0.0,0.0,0.3333333333333333,0.0
0.5373134328358209,0.0,0.0,0.0,0.0,0.8333333333333333,0.5,1.0,0.25,1.0,1.0
0.5970149253731344,0.0,0.0,1.0,1.0,0.0,0.0,0.0,0.0,0.3333333333333333,0.0
0.1641791044776119,0.0,0.0,0.0,1.0,0.3333333333333333,0.0,0.0,0.0,0.3333333333333333,0.0
0.7014925373134329,1.0,1.0,0.0,0.0,0.8333333333333333,1.0,1.0,1.0,1.0,1.0
0.2089552238805969,0.0,1.0,1.0,1.0,0.3333333333333333,0.0,0.0,0.0,1.0,1.0
0.2835820895522388,0.0,0.0,1.0,0.5,0.5,1.0,0.0,0.0,0.6666666666666666,0.0
0.4776119402985075,0.0,0.0,1.0,1.0,0.3333333333333333,0.0,0.0,0.0,0.3333333333333333,0.0
0.6865671641791045,1.0,0.0,1.0,1.0,0.3333333333333333,0.0,0.0,0.0,0.3333333333333333,0.0
0.5522388059701493,0.0,0.0,0.0,1.0,0.5,0.0,0.0,0.0,0.6666666666666666,0.0
0.2388059701492537,0.0,0.0,1.0,1.0,0.3333333333333333,0.0,0.0,0.0,0.3333333333333333,0.0
0.2835820895522388,0.0,0.0,1.0,1.0,0.3333333333333333,0.0,0.0,0.0,0.3333333333333333,0.0
0.2985074626865671,0.0,0.0,1.0,1.0,0.3333333333333333,0.0,0.0,0.0,0.3333333333333333,0.0
0.835820895522388,1.0,1.0,0.0,0.0,0.8333333333333333,1.0,0.0,0.5,1.0,1.0
0.7313432835820896,0.0,0.0,0.0,0.0,0.8333333333333333,0.0,1.0,1.0,1.0,1.0
0.1791044776119403,0.0,0.0,0.0,1.0,0.5,0.0,0.0,0.0,0.3333333333333333,0.0
0.0746268656716417,0.0,0.0,1.0,1.0,0.0,0.0,0.0,0.0,0.3333333333333333,0.0
0.2835820895522388,0.0,0.0,1.0,1.0,0.0,0.0,0.0,0.0,0.3333333333333333,0.0
0.3731343283582089,0.0,0.0,1.0,1.0,0.0,0.0,0.0,0.0,0.3333333333333333,0.0
0.3582089552238806,0.0,0.0,1.0,1.0,0.3333333333333333,0.0,0.0,0.0,0.6666666666666666,0.0
0.4029850746268657,0.0,0.0,1.0,1.0,0.0,0.0,0.0,0.0,0.6666666666666666,0.0
0.0895522388059701,0.0,0.0,1.0,1.0,0.1666666666666666,0.0,0.0,0.0,0.6666666666666666,0.0
0.2089552238805969,0.0,0.0,1.0,1.0,0.3333333333333333,0.0,0.0,0.0,0.3333333333333333,0.0
0.253731343283582,0.0,0.0,0.0,0.5,0.8333333333333333,0.0,0.0,0.0,0.3333333333333333,0.0
0.1791044776119403,0.0,0.0,1.0,1.0,0.0,0.0,0.0,0.0,0.6666666666666666,0.0
0.2835820895522388,0.0,0.0,1.0,1.0,0.5,0.0,0.0,0.0,1.0,1.0
0.6716417910447762,0.0,0.0,0.0,1.0,0.3333333333333333,0.0,0.0,0.0,0.3333333333333333,0.0
0.2686567164179104,0.0,0.0,1.0,1.0,0.0,0.0,0.0,0.0,0.3333333333333333,0.0
0.955223880597015,1.0,1.0,0.0,0.5,0.5,1.0,0.0,0.25,0.6666666666666666,1.0
0.2985074626865671,0.0,0.0,1.0,1.0,0.1666666666666666,0.0,0.0,0.0,0.3333333333333333,0.0
0.253731343283582,0.0,0.0,1.0,1.0,0.3333333333333333,0.0,0.0,0.0,0.3333333333333333,0.0
0.2985074626865671,0.0,0.0,0.0,0.5,0.5,0.5,0.0,0.0,0.0,1.0
0.4477611940298507,0.0,0.0,0.0,1.0,0.3333333333333333,0.0,0.0,0.0,0.3333333333333333,0.0
0.2388059701492537,0.0,0.0,1.0,0.5,0.0,0.0,0.0,0.0,0.3333333333333333,0.0
0.1492537313432835,0.0,0.0,0.0,0.5,0.6666666666666666,1.0,0.0,0.0,1.0,1.0
0.2388059701492537,0.0,0.0,0.0,0.5,0.5,1.0,0.0,0.0,1.0,1.0
0.1791044776119403,0.0,0.0,1.0,1.0,0.1666666666666666,0.0,0.0,0.0,0.3333333333333333,0.0
0.253731343283582,0.0,0.0,1.0,1.0,0.3333333333333333,0.0,0.0,0.0,0.3333333333333333,0.0
0.2686567164179104,0.0,0.0,1.0,1.0,0.3333333333333333,0.0,0.0,0.0,0.3333333333333333,0.0
0.2686567164179104,0.0,0.0,1.0,1.0,0.3333333333333333,0.0,0.0,0.0,0.3333333333333333,0.0
0.4029850746268657,0.0,0.0,1.0,1.0,0.3333333333333333,0.0,0.0,0.0,0.0,0.0
0.3134328358208955,0.0,0.0,1.0,1.0,0.0,0.0,0.0,0.0,0.3333333333333333,0.0
0.2238805970149253,0.0,0.0,1.0,1.0,0.0,0.0,0.0,0.0,0.3333333333333333,0.0
0.2089552238805969,0.0,0.0,1.0,1.0,0.1666666666666666,0.0,0.0,0.0,0.3333333333333333,0.0
0.044776119402985,0.0,0.0,1.0,0.5,0.1666666666666666,1.0,0.0,0.0,1.0,1.0
0.1194029850746268,0.0,0.0,1.0,1.0,0.1666666666666666,0.0,0.0,0.0,0.3333333333333333,0.0
0.3283582089552239,0.0,0.0,1.0,1.0,0.0,0.0,0.0,0.0,0.3333333333333333,0.0
0.2388059701492537,0.0,0.0,1.0,1.0,0.1666666666666666,0.0,0.0,0.0,0.3333333333333333,0.0
0.0,0.0,0.0,0.0,0.5,0.5,1.0,0.0,0.0,1.0,1.0
0.791044776119403,0.0,0.0,1.0,1.0,0.3333333333333333,0.0,0.0,0.0,0.3333333333333333,0.0
0.1791044776119403,0.0,0.0,1.0,1.0,0.3333333333333333,0.0,0.0,0.0,0.3333333333333333,0.0
0.2238805970149253,0.0,0.0,0.0,0.5,0.5,0.0,0.0,0.0,0.3333333333333333,0.0
0.1940298507462686,0.0,0.0,1.0,0.5,0.3333333333333333,1.0,0.0,0.0,0.3333333333333333,0.0
0.2089552238805969,0.0,0.0,1.0,1.0,0.1666666666666666,0.0,0.0,0.0,0.3333333333333333,0.0
0.5522388059701493,1.0,1.0,0.0,1.0,0.0,0.0,0.0,0.0,0.6666666666666666,0.0
0.4477611940298507,0.0,0.0,1.0,1.0,0.3333333333333333,0.0,0.0,0.0,0.3333333333333333,0.0
0.2686567164179104,0.0,0.0,1.0,1.0,0.0,0.0,0.0,0.0,0.3333333333333333,0.0
0.4626865671641791,0.0,0.0,0.0,1.0,0.5,0.0,0.0,0.0,0.3333333333333333,0.0
0.1044776119402985,0.0,0.0,1.0,1.0,0.1666666666666666,0.0,0.0,0.0,0.3333333333333333,0.0
0.3432835820895522,0.0,0.0,1.0,1.0,0.5,0.0,0.0,0.0,0.3333333333333333,0.0
0.0895522388059701,0.0,0.0,1.0,0.5,0.3333333333333333,1.0,0.0,0.0,1.0,1.0
0.7014925373134329,0.0,0.0,1.0,1.0,0.3333333333333333,0.0,0.0,0.0,0.0,1.0
0.8656716417910448,0.0,0.0,0.0,0.0,0.6666666666666666,0.5,1.0,1.0,1.0,1.0
0.4328358208955224,0.0,0.0,1.0,1.0,0.3333333333333333,0.0,0.0,0.0,0.3333333333333333,0.0
0.9850746268656716,1.0,1.0,0.0,0.0,1.0,1.0,1.0,1.0,1.0,1.0
0.7014925373134329,0.0,0.0,1.0,1.0,0.0,0.0,0.0,0.0,0.3333333333333333,0.0
0.417910447761194,0.0,0.0,1.0,1.0,0.0,0.0,0.0,0.0,0.3333333333333333,0.0
0.3880597014925373,0.0,0.0,1.0,1.0,0.3333333333333333,0.0,0.0,0.0,0.3333333333333333,0.0
0.2686567164179104,0.0,0.0,1.0,1.0,0.3333333333333333,0.0,0.0,0.0,0.3333333333333333,0.0
0.5970149253731344,0.0,0.0,1.0,1.0,0.3333333333333333,0.0,0.0,0.0,0.3333333333333333,0.0
0.582089552238806,0.0,0.0,1.0,1.0,0.1666666666666666,0.0,0.0,0.0,0.6666666666666666,0.0
0.2835820895522388,0.0,0.0,1.0,0.5,0.3333333333333333,1.0,0.0,0.0,1.0,1.0
0.2686567164179104,0.0,0.0,1.0,0.5,0.1666666666666666,1.0,0.0,0.0,0.6666666666666666,0.0
